Timestamp,What is your age group ,What town do you live in?,What is your approximate monthly income ,Which of our product line are you familiar with,Which of our products have you purchased in the last 12 months ,What do you like about our products,"Compared to 12 months ago, has your preference for our product changed.",What are your reason(s) for the change,Which factors influence your decision to buy our products,How often do you buy our products,What would you like us to improve on our product
5/9/2026 22:53:45,36-45,West,"250,000 and above","Green Spicy chinchin, Yellow chinchin, Buns and Pie, Delight, All of the above","Green Spicy chinchin, Yellow chinchin, Buns and Pie, Delight, All","Taste, Quality",Yes,"Cooked food, Purchasing power","Taste and Quality, Price affordability, Packaging, Product availability, Brand awareness",Weekly,Delivery Time
5/10/2026 18:51:25,26-35,North,"50,000-149,999",All of the above,All,Quality,No,Change in Taste,Taste and Quality,Daily,Price 
5/10/2026 19:39:06,Above 55,North,I prefer not to say,"Green Spicy chinchin, Yellow chinchin, Delight","Green Spicy chinchin, Yellow chinchin, Delight","Taste, Quality, Packaging",No,Purchasing power,"Taste and Quality, Price affordability, Packaging, Product availability",Weekly,Quality Control
5/11/2026 6:12:48,26-35,Central,"150,000-249,999",All of the above,All,Quality,No,,Taste and Quality,Daily,size
5/11/2026 9:12:28,36-45,Central,"50,000-149,999",All of the above,All,Taste,Yes,Change in Taste,Taste and Quality,Daily,Improve Quality
5/11/2026 9:14:36,46-55,Central,"below 50,000",Delight,All,Quality,Yes,Other types of snacks,Taste and Quality,Daily,  -
5/11/2026 9:16:02,36-45,Central,,All of the above,All,Quality,Yes,Packaging,Packaging,Daily,  -
5/11/2026 9:16:42,36-45,Central,"50,000-149,999",All of the above,All,Taste,Yes,Packaging,Taste and Quality,Daily,Increase production
5/11/2026 9:22:46,36-45,Central,"below 50,000",Green Spicy chinchin,Green Spicy chinchin,Taste,Yes,Change in Taste,Taste and Quality,Weekly,Quality Control
5/11/2026 9:25:45,26-35,North,"below 50,000",Yellow chinchin,Yellow chinchin,Pricing,Yes,Change in Taste,Taste and Quality,Weekly,Quality Control
5/11/2026 9:28:50,36-45,Central,"below 50,000",Delight,Delight,Taste,Yes,Packaging,Taste and Quality,Daily,is not surplus
5/11/2026 9:31:42,46-55,North,I prefer not to say,All of the above,All,Quality,Yes,Change in Taste,Taste and Quality,Daily,increase delight
5/11/2026 9:33:06,26-35,Central,"below 50,000","Green Spicy chinchin, Yellow chinchin, Delight","Green Spicy chinchin, Yellow chinchin, Delight",Taste,Yes,Packaging,Taste and Quality,Weekly,Increase size
5/11/2026 9:33:40,Above 55,Central,"50,000-149,999",All of the above,All,Taste,Yes,Packaging,Taste and Quality,Daily, -
5/11/2026 9:41:47,46-55,Central,"below 50,000","Green Spicy chinchin, Yellow chinchin, Delight","Green Spicy chinchin, Yellow chinchin",Taste,Yes,Change in Taste,Taste and Quality,Weekly,increase quantity
5/11/2026 9:44:31,46-55,North,"50,000-149,999",All of the above,All,"Taste, Quality",Yes,Packaging,Packaging,Daily,delay in posting
5/11/2026 9:51:59,Above 55,North,"150,000-249,999",All of the above,All,Quality,Yes,"Packaging, Change in Taste",Taste and Quality,Daily,increase delight
5/11/2026 9:54:25,18-25,West,"below 50,000","Green Spicy chinchin, Yellow chinchin","Green Spicy chinchin, Yellow chinchin",Pricing,Yes,Change in Taste,Price affordability,Weekly,Increasing size
5/11/2026 10:07:01,Above 55,South,,"Green Spicy chinchin, Yellow chinchin, Delight","Green Spicy chinchin, Yellow chinchin",Taste,No,,Taste and Quality,Weekly,Size increments
5/11/2026 10:11:19,26-35,Central,"50,000-149,999",Yellow chinchin,Yellow chinchin,Taste,Yes,Packaging,Taste and Quality,Monthly,Quantity improvement
5/11/2026 10:14:40,26-35,Central,"below 50,000",Buns and Pie,Buns and Pie,Taste,Yes,Change in Taste,Taste and Quality,Daily,Increase our quality 
5/11/2026 10:16:22,46-55,Central,"150,000-249,999",Green Spicy chinchin,Green Spicy chinchin,Pricing,No,,Price affordability,Daily,Quality control
5/11/2026 10:32:47,36-45,Central,"150,000-249,999",All of the above,Yellow chinchin,Taste,No,,Taste and Quality,Daily,increse size
5/11/2026 10:46:04,Above 55,East,"250,000 and above","Green Spicy chinchin, Yellow chinchin","Green Spicy chinchin, Yellow chinchin",Taste,No,Packaging,Taste and Quality,Quarterly,Quality control
q,uality,West,"150,000-249,999",Delight,Delight,Taste,No,,Taste and Quality,Weekly,Nil
5/11/2026 10:59:16,46-55,West,I prefer not to say,"Yellow chinchin, Delight","Yellow chinchin, Delight","Taste, Quality, Packaging",No,,"Taste and Quality, Price affordability, Product availability",Weekly,I prefer to add more quantity to do product
5/11/2026 11:47:21,18-25,Central,"below 50,000",All of the above,All,Quality,Yes,Other types of snacks,Taste and Quality,Weekly,
5/11/2026 11:52:48,46-55,Central,I prefer not to say,Delight,Delight,Quality,Yes,Change in Taste,Taste and Quality,Daily,improve taste 
5/11/2026 11:54:12,46-55,South,I prefer not to say,All of the above,All,"Taste, Quality",Yes,"Change in Taste, Purchasing power","Taste and Quality, Product availability",Daily,Increase size 
5/11/2026 17:15:52,36-45,South,"50,000-149,999",All of the above,All,Taste,Yes,Purchasing power,Taste and Quality,Daily,Softeness of breadbuns 100naira
5/11/2026 17:51:11,46-55,South,"50,000-149,999",All of the above,All,Taste,No,Purchasing power,Product availability,Weekly,improve quality 
5/11/2026 21:20:39,36-45,Central,"50,000-149,999",All of the above,All,"Taste, Quality, Packaging",Yes,Other types of snacks,"Taste and Quality, Packaging, Product availability",Daily,improve shelflife 
5/12/2026 8:57:13,46-55,Central,I prefer not to say,All of the above,All,Taste,No,,"Price affordability, Packaging, Product availability",Weekly,improve shelflife 
5/13/2026 8:39:03,36-45,Central,"50,000-149,999","Green Spicy chinchin, Yellow chinchin, Buns and Pie, Delight","Green Spicy chinchin, Yellow chinchin, Buns and Pie",Taste,No,,Taste and Quality,Daily,Size and packaging
5/13/2026 8:43:50,46-55,Central,"50,000-149,999",All of the above,"Buns and Pie, Delight",Taste,No,,Taste and Quality,Daily,Increase size
5/13/2026 8:52:45,36-45,East,I prefer not to say,All of the above,All,Quality,Yes,Packaging,Taste and Quality,Weekly,Reduction of price 
5/13/2026 9:01:55,46-55,East,"150,000-249,999",Buns and Pie,Buns and Pie,"Taste, Quality",Yes,Packaging,Taste and Quality,Weekly,Packaging and quality 
5/13/2026 9:09:35,26-35,Central,"50,000-149,999",All of the above,All,"Taste, Quality, Packaging",Yes,Purchasing power,Price affordability,Weekly,Pricing 
5/13/2026 9:18:52,18-25,Central,I prefer not to say,All of the above,All,"Taste, Pricing, Quality, Packaging",Yes,Packaging,Packaging,Weekly,"Increase in size, delight is somehow strong,  sometimes piepie will be strong, pices found inside the nylon, allowing the products to get cool before packaging."
5/13/2026 9:23:47,46-55,North,"50,000-149,999",All of the above,All,"Taste, Quality",Yes,Packaging,Taste and Quality,Daily,increase size
5/13/2026 9:30:04,46-55,East,I prefer not to say,All of the above,All,"Taste, Pricing, Quality, Packaging",Yes,Packaging,"Taste and Quality, Packaging",Weekly,improve on softness
5/13/2026 9:42:44,46-55,East,I prefer not to say,All of the above,All,"Taste, Pricing, Quality",Yes,Packaging,"Taste and Quality, Product availability",Weekly,improve on softness
5/13/2026 9:47:49,36-45,East,I prefer not to say,All of the above,All,"Taste, Pricing, Quality",Yes,Packaging,"Taste and Quality, Price affordability, Product availability",Weekly,"Reduce the amount of pieces inside the pack, make the product to be available for customers,  sometimes found the product spoiled on arrival "
5/13/2026 9:52:43,36-45,East,I prefer not to say,"Buns and Pie, Delight","Buns and Pie, Delight","Taste, Pricing, Quality",Yes,Packaging,"Taste and Quality, Price affordability, Product availability",Daily,"Work on your product quality,  is very strong and incomplete "
5/13/2026 9:56:04,26-35,East,I prefer not to say,"Buns and Pie, Delight","Buns and Pie, Delight","Taste, Pricing",No,,"Taste and Quality, Product availability",Daily,"Improve the quantity, quality and nylon, it makes it sweating "
5/13/2026 9:57:50,18-25,East,I prefer not to say,Green Spicy chinchin,Green Spicy chinchin,"Taste, Packaging",No,,"Taste and Quality, Packaging",Daily,"Yes, the quantity "
5/13/2026 10:02:13,26-35,East,I prefer not to say,"Green Spicy chinchin, Yellow chinchin, Delight","Green Spicy chinchin, Yellow chinchin, Delight","Taste, Quality",No,,"Taste and Quality, Product availability",Weekly,"Yes, the quantity "
5/13/2026 10:06:11,26-35,North,"below 50,000","Green Spicy chinchin, Yellow chinchin, Buns and Pie, Delight",Buns and Pie,"Taste, Quality",No,,Taste and Quality,Daily,Non
5/13/2026 10:06:18,18-25,East,I prefer not to say,All of the above,All,"Taste, Pricing, Quality",Yes,Purchasing power,"Taste and Quality, Product availability, Brand awareness",Weekly,Increase the number of product 
5/13/2026 10:21:24,26-35,East,I prefer not to say,All of the above,All,"Taste, Pricing, Packaging",No,,"Taste and Quality, Price affordability, Product availability",Weekly,Packaging 
5/13/2026 10:27:48,26-35,East,I prefer not to say,All of the above,Delight,"Taste, Quality",Yes,"Packaging, Purchasing power","Taste and Quality, Product availability",Weekly,The quantity 
5/13/2026 10:30:19,18-25,East,I prefer not to say,"Buns and Pie, Delight","Buns and Pie, Delight","Taste, Quality",No,,"Taste and Quality, Product availability",Daily,The quality 
5/13/2026 10:45:27,36-45,East,I prefer not to say,All of the above,All,"Taste, Quality",Yes,Packaging,"Price affordability, Product availability",Weekly,Packaging 
5/13/2026 10:54:24,26-35,East,I prefer not to say,"Green Spicy chinchin, Buns and Pie, Delight","Green Spicy chinchin, Buns and Pie, Delight","Taste, Pricing, Quality",No,,"Taste and Quality, Product availability",Weekly,Packaging and quantity 
5/13/2026 10:57:22,36-45,East,I prefer not to say,All of the above,All,"Taste, Pricing, Quality",Yes,Packaging,"Taste and Quality, Product availability",Weekly,"Work on your product size,  storage and packaging "
5/13/2026 11:09:31,46-55,West,"50,000-149,999",All of the above,All,"Taste, Quality",Yes,Packaging,Taste and Quality,Weekly,"
To increase the size of bread buns and make it look attractive in the sight of our customers"
5/13/2026 11:11:28,26-35,East,I prefer not to say,All of the above,All,"Taste, Quality",No,Other types of snacks,"Taste and Quality, Product availability",Weekly,Increase in delight production 
5/13/2026 11:31:44,26-35,East,I prefer not to say,All of the above,All,"Taste, Quality",No,"Packaging, Purchasing power","Taste and Quality, Packaging, Product availability",Weekly,Product availability in our community 
5/13/2026 11:33:16,26-35,East,I prefer not to say,All of the above,All,"Taste, Quality",Yes,Packaging,"Taste and Quality, Product availability",Weekly,Make sure that the products are fully and completely pack.
5/13/2026 11:35:18,26-35,East,I prefer not to say,All of the above,All,"Taste, Quality",Yes,Packaging,"Taste and Quality, Product availability, Brand awareness",Weekly,"Work on your preservatives,  the products got spoiled before 4days"
5/13/2026 11:37:20,18-25,East,I prefer not to say,All of the above,All,"Taste, Pricing, Quality",Yes,Packaging,"Taste and Quality, Product availability",Weekly,Reduced of pieces inside the nylon 
5/13/2026 11:44:16,36-45,East,I prefer not to say,All of the above,All,Taste,Yes,Packaging,"Taste and Quality, Product availability",Weekly,"Poor nylon packaging,  increase product packaging "
5/13/2026 11:44:52,36-45,East,I prefer not to say,All of the above,All,Taste,Yes,Packaging,"Taste and Quality, Product availability",Weekly,quality control
5/13/2026 11:46:38,26-35,East,I prefer not to say,"Delight, All of the above","Buns and Pie, Delight","Taste, Pricing",No,,"Taste and Quality, Packaging",Weekly,quality control
5/13/2026 11:49:14,26-35,Central,I prefer not to say,All of the above,All,"Taste, Quality",No,,"Taste and Quality, Price affordability, Product availability",Weekly,
5/13/2026 11:52:32,46-55,East,I prefer not to say,All of the above,All,"Taste, Quality",No,Purchasing power,"Taste and Quality, Product availability",Weekly,Quantity and quality 
5/13/2026 12:11:51,26-35,East,I prefer not to say,All of the above,All,"Taste, Pricing, Quality, Packaging",No,Packaging,"Taste and Quality, Price affordability, Packaging, Product availability",Weekly,"Pie is getting stronger every day,  and increase in quality "
5/13/2026 12:14:08,18-25,East,,All of the above,All,"Taste, Pricing, Quality",Yes,Packaging,"Taste and Quality, Packaging",Weekly,"Work on the delight carton, "
5/13/2026 12:17:18,26-35,East,I prefer not to say,All of the above,All,"Taste, Quality",Yes,Packaging,"Taste and Quality, Product availability",Weekly,Packaging 
5/13/2026 12:18:41,26-35,East,I prefer not to say,All of the above,All,"Taste, Pricing, Quality",Yes,"Packaging, Change in Taste, Other types of snacks","Taste and Quality, Price affordability, Product availability",Weekly,
5/13/2026 12:23:42,46-55,East,"50,000-149,999",All of the above,All,"Taste, Quality",No,,"Taste and Quality, Product availability",Weekly,"For us in ibilo here, they should package that delight for nylon for us, to enable us transport it."
5/13/2026 12:26:37,36-45,East,I prefer not to say,All of the above,All,"Taste, Quality",Yes,Packaging,Taste and Quality,Weekly,Increase in quantity 
5/13/2026 12:48:55,18-25,East,I prefer not to say,All of the above,All,"Taste, Quality",No,,Taste and Quality,Weekly,
5/13/2026 12:51:00,36-45,East,I prefer not to say,All of the above,All,"Taste, Quality",Yes,Packaging,"Taste and Quality, Product availability",Weekly,Work on the quantity and packaging 
5/13/2026 12:52:19,46-55,East,I prefer not to say,"Buns and Pie, Delight","Buns and Pie, Delight","Taste, Quality",Yes,Packaging,"Taste and Quality, Product availability, Brand awareness",Weekly,Making delight available for everyone 
5/13/2026 13:04:14,36-45,East,I prefer not to say,All of the above,All,"Taste, Pricing",Yes,Purchasing power,"Taste and Quality, Price affordability",Weekly,quality control
5/13/2026 13:13:43,26-35,East,I prefer not to say,"Green Spicy chinchin, Yellow chinchin, Buns and Pie","Green Spicy chinchin, Yellow chinchin, Buns and Pie","Taste, Quality",Yes,Packaging,"Taste and Quality, Price affordability",Weekly,Improve your standard of staff 
5/14/2026 9:12:50,26-35,East,"below 50,000","Yellow chinchin, Buns and Pie, Delight","Yellow chinchin, Buns and Pie, Delight","Taste, Quality",No,Packaging,Taste and Quality,Weekly,To increase the size of bread buns
5/14/2026 9:15:46,36-45,East,"50,000-149,999","Yellow chinchin, Buns and Pie, Delight","Yellow chinchin, Buns and Pie, Delight",Taste,Yes,Packaging,Taste and Quality,Weekly,To improve the size of chin chin
5/14/2026 9:18:29,26-35,East,"50,000-149,999",All of the above,All,"Taste, Quality",No,Packaging,Taste and Quality,Weekly,Pie pie and bread buns
5/14/2026 9:20:18,36-45,East,"below 50,000",Buns and Pie,Buns and Pie,Taste,No,Change in Taste,Taste and Quality,Weekly,Bread buns and chin chin
5/14/2026 9:22:42,36-45,East,"150,000-249,999",All of the above,All,"Taste, Quality",No,Packaging,Taste and Quality,Weekly,All products
5/14/2026 9:24:15,46-55,East,"below 50,000",Buns and Pie,Buns and Pie,Taste,No,Packaging,Taste and Quality,Weekly,Brand buns and pie pie
5/14/2026 9:25:07,46-55,East,"below 50,000",Buns and Pie,Buns and Pie,Taste,No,Packaging,Taste and Quality,Weekly,Brand buns and pie pie
5/14/2026 9:29:02,36-45,East,"50,000-149,999","Yellow chinchin, Buns and Pie, Delight","Yellow chinchin, Buns and Pie, Delight","Taste, Quality",No,Packaging,Taste and Quality,Weekly,All products
5/14/2026 9:30:35,36-45,East,"below 50,000",Buns and Pie,Buns and Pie,Taste,No,Packaging,Taste and Quality,Weekly,Bread buns
5/14/2026 9:32:02,26-35,East,"below 50,000",Buns and Pie,Buns and Pie,Taste,Yes,Packaging,Taste and Quality,Weekly,Packaging on chin chin
5/14/2026 9:33:09,26-35,East,"below 50,000",Yellow chinchin,Yellow chinchin,Taste,Yes,Packaging,Taste and Quality,Weekly,On yellow chin chin
5/14/2026 9:34:55,36-45,East,"50,000-149,999","Yellow chinchin, Buns and Pie, Delight","Yellow chinchin, Buns and Pie, Delight",Taste,Yes,Packaging,Taste and Quality,Weekly,Taste and packaging
5/14/2026 9:36:33,26-35,East,"below 50,000","Yellow chinchin, Buns and Pie, Delight","Yellow chinchin, Buns and Pie, Delight","Taste, Quality",Yes,Packaging,Taste and Quality,Weekly,Still improve in taste
5/14/2026 9:37:49,36-45,East,"below 50,000","Buns and Pie, Delight","Buns and Pie, Delight",Taste,No,Packaging,Taste and Quality,Weekly,On chin chin packaging
5/14/2026 9:39:50,36-45,East,"below 50,000","Buns and Pie, Delight","Buns and Pie, Delight","Taste, Quality",No,Change in Taste,Taste and Quality,Weekly,Still on taste
5/14/2026 9:41:44,26-35,East,"below 50,000","Buns and Pie, Delight","Buns and Pie, Delight",Taste,Yes,Packaging,Taste and Quality,Weekly,On taste
5/14/2026 9:44:26,26-35,East,"below 50,000","Buns and Pie, Delight","Buns and Pie, Delight","Taste, Quality",Yes,Packaging,Taste and Quality,Weekly,On packaging
5/14/2026 9:48:05,36-45,East,"50,000-149,999","Yellow chinchin, Buns and Pie, Delight","Yellow chinchin, Buns and Pie, Delight","Taste, Quality",No,Packaging,Taste and Quality,Weekly,On taste and packaging
5/14/2026 9:49:57,36-45,East,"50,000-149,999",All of the above,All,"Taste, Quality",Yes,Change in Taste,Taste and Quality,Weekly,Still on taste
5/14/2026 9:52:24,36-45,East,"50,000-149,999","Yellow chinchin, Buns and Pie, Delight","Yellow chinchin, Buns and Pie, Delight","Taste, Quality",No,Packaging,"Taste and Quality, Packaging",Weekly,Taste on bread buns
5/14/2026 9:56:42,36-45,East,"below 50,000","Buns and Pie, Delight","Buns and Pie, Delight",Taste,Yes,Change in Taste,Taste and Quality,Weekly,On taste
5/14/2026 10:03:00,36-45,East,"50,000-149,999","Yellow chinchin, Buns and Pie, Delight, All of the above","Yellow chinchin, Buns and Pie, Delight","Taste, Quality",No,Change in Taste,Taste and Quality,Weekly,Size
5/14/2026 10:05:32,46-55,East,"50,000-149,999","Yellow chinchin, Buns and Pie, Delight","Yellow chinchin, Buns and Pie, Delight","Taste, Quality",Yes,Change in Taste,Taste and Quality,Weekly,On size
5/14/2026 10:07:36,36-45,East,"50,000-149,999","Yellow chinchin, Buns and Pie, Delight","Yellow chinchin, Buns and Pie, Delight","Taste, Quality",Yes,Change in Taste,Taste and Quality,Weekly,"Taste, size and packaging"
5/14/2026 10:09:22,36-45,East,"below 50,000","Buns and Pie, Delight","Buns and Pie, Delight",Taste,Yes,Change in Taste,Taste and Quality,Weekly,On taste
5/14/2026 10:10:37,26-35,East,I prefer not to say,"Green Spicy chinchin, Yellow chinchin","Green Spicy chinchin, Yellow chinchin","Taste, Quality",Yes,Other types of snacks,"Taste and Quality, Product availability",Daily,The quantity should be increase inside 
5/14/2026 10:12:09,36-45,East,"below 50,000","Buns and Pie, Delight","Buns and Pie, Delight","Taste, Quality",No,Packaging,Taste and Quality,Weekly,On size
5/14/2026 10:14:18,36-45,East,"50,000-149,999",All of the above,All,"Taste, Quality",Yes,Change in Taste,Taste and Quality,Weekly,On size and packaging
5/14/2026 10:15:48,46-55,East,"50,000-149,999","Yellow chinchin, Buns and Pie, Delight","Yellow chinchin, Buns and Pie, Delight","Taste, Quality",Yes,Change in Taste,Taste and Quality,Weekly,Still improve on taste
5/14/2026 10:17:32,26-35,East,"50,000-149,999","Yellow chinchin, Buns and Pie, Delight","Yellow chinchin, Buns and Pie, Delight",Quality,No,Packaging,"Taste and Quality, Packaging",Weekly,Taste and packaging
5/14/2026 10:18:00,26-35,East,I prefer not to say,"Green Spicy chinchin, Yellow chinchin","Green Spicy chinchin, Yellow chinchin","Taste, Quality",No,Packaging,"Taste and Quality, Packaging",Daily,The nylon should be sealed properly and should be airtight 
5/14/2026 10:20:25,18-25,East,"50,000-149,999",All of the above,All,"Taste, Quality",Yes,Change in Taste,Taste and Quality,Weekly,"Taste, size and packaging"
5/14/2026 10:21:04,18-25,East,I prefer not to say,All of the above,All,"Taste, Pricing, Packaging",Yes,"Packaging, Other types of snacks","Taste and Quality, Packaging",Daily,Packaging 
5/14/2026 10:22:18,26-35,Central,I prefer not to say,All of the above,All,"Taste, Quality",Yes,Other types of snacks,"Taste and Quality, Packaging, Product availability",Daily,The quantity should be improve 
5/14/2026 10:25:49,36-45,Central,I prefer not to say,All of the above,All,"Taste, Quality, Packaging",Yes,Other types of snacks,"Taste and Quality, Packaging, Product availability",Daily,Reduction of prices for distributors 
5/14/2026 10:27:58,36-45,West,I prefer not to say,All of the above,All,"Taste, Quality, Packaging",Yes,Other types of snacks,"Taste and Quality, Packaging",Weekly,"The size should be increase,  and also the products should be packaging well"
5/14/2026 10:30:27,36-45,Central,I prefer not to say,All of the above,All,"Taste, Quality, Packaging",Yes,Purchasing power,"Taste and Quality, Packaging",Daily,Products should be get to everyone in different area
5/14/2026 10:33:20,26-35,Central,I prefer not to say,All of the above,All,Taste,Yes,Packaging,Taste and Quality,Weekly,Piepie is getting stronger this period 
5/14/2026 10:34:58,26-35,East,"50,000-149,999","Yellow chinchin, Buns and Pie, Delight","Yellow chinchin, Buns and Pie, Delight","Taste, Quality",Yes,Change in Taste,Taste and Quality,Weekly,To increase size of spicy chin chin and yellow chin chin
5/14/2026 10:42:34,26-35,Central,I prefer not to say,All of the above,All,"Taste, Quality",Yes,Packaging,Taste and Quality,Daily,Distributors aren't supplying us again 
5/14/2026 10:44:07,26-35,East,I prefer not to say,"Green Spicy chinchin, Yellow chinchin, Delight","Green Spicy chinchin, Yellow chinchin, Delight","Taste, Quality",Yes,Packaging,Taste and Quality,Weekly,Making the products to be available to us 
5/14/2026 10:45:10,26-35,East,"below 50,000","Yellow chinchin, Buns and Pie, Delight","Yellow chinchin, Buns and Pie, Delight","Taste, Quality",No,Packaging,Taste and Quality,Weekly,Size of bread buns
5/14/2026 10:47:38,26-35,Central,"below 50,000","Green Spicy chinchin, Yellow chinchin, Delight","Green Spicy chinchin, Yellow chinchin, Delight","Taste, Quality",Yes,Packaging,Taste and Quality,Daily,Improvement in sealing the products 
5/14/2026 10:48:03,36-45,East,"50,000-149,999",All of the above,All,"Taste, Quality",No,Packaging,Taste and Quality,Weekly,To increasing the size both chin chin
5/14/2026 10:49:23,36-45,Central,I prefer not to say,"Green Spicy chinchin, Yellow chinchin, Delight","Green Spicy chinchin, Yellow chinchin, Delight","Taste, Quality",Yes,Other types of snacks,Taste and Quality,Daily,Making the products get to them inside the market 
5/14/2026 10:50:23,36-45,East,"50,000-149,999","Yellow chinchin, Buns and Pie, Delight","Yellow chinchin, Buns and Pie, Delight","Taste, Quality",No,Packaging,Taste and Quality,Weekly,Increasing the size of bread buns and chin chin
5/14/2026 10:51:41,26-35,Central,I prefer not to say,All of the above,All,"Taste, Quality",Yes,Packaging,Taste and Quality,Daily,Nylon should be sealed well 
5/14/2026 10:54:41,36-45,East,"50,000-149,999","Yellow chinchin, Buns and Pie, Delight","Yellow chinchin, Buns and Pie, Delight","Taste, Quality",No,Packaging,Taste and Quality,Weekly,To improve on taste of yellow chin chin
5/14/2026 10:55:30,26-35,Central,I prefer not to say,All of the above,All,"Taste, Quality",Yes,Packaging,Taste and Quality,Daily,The products should be packaging well
5/14/2026 10:59:43,18-25,Central,I prefer not to say,"Green Spicy chinchin, Yellow chinchin, Buns and Pie, Delight, All of the above","Green Spicy chinchin, Yellow chinchin, Buns and Pie, Delight, All","Taste, Quality",Yes,Packaging,"Taste and Quality, Packaging",Weekly,The product should get cooled before packaging 
5/14/2026 11:00:11,36-45,East,"below 50,000","Buns and Pie, Delight","Buns and Pie, Delight","Taste, Quality",No,Packaging,Taste and Quality,Weekly,Increase the size of delight
5/14/2026 11:01:25,26-35,Central,I prefer not to say,All of the above,All,"Taste, Quality",Yes,Packaging,Taste and Quality,Weekly,Improve your product sealed 
5/14/2026 11:02:54,18-25,Central,I prefer not to say,All of the above,All,Pricing,Yes,Purchasing power,Taste and Quality,Daily,The price of the products are high
5/14/2026 11:04:58,36-45,East,"50,000-149,999","Yellow chinchin, Buns and Pie, Delight","Yellow chinchin, Buns and Pie, Delight","Taste, Quality",No,Packaging,Taste and Quality,Weekly,Taste of yellow and increasing the size of bread buns
5/14/2026 11:05:54,36-45,East,"50,000-149,999","Yellow chinchin, Buns and Pie, Delight","Yellow chinchin, Buns and Pie, Delight","Taste, Quality",No,Packaging,Taste and Quality,Weekly,Taste of yellow and increasing the size of bread buns
5/14/2026 11:06:55,36-45,East,"50,000-149,999","Yellow chinchin, Buns and Pie, Delight","Yellow chinchin, Buns and Pie, Delight","Taste, Quality",No,Packaging,Taste and Quality,Weekly,Taste of yellow and increasing the size of bread buns
5/14/2026 11:07:42,36-45,Central,I prefer not to say,All of the above,All,Taste,Yes,Packaging,Packaging,Weekly,Improvement in production 
5/14/2026 11:07:44,36-45,East,"50,000-149,999","Yellow chinchin, Buns and Pie, Delight","Yellow chinchin, Buns and Pie, Delight","Taste, Quality",No,Packaging,Taste and Quality,Weekly,Taste of yellow and increasing the size of bread buns
5/14/2026 11:09:55,18-25,Central,I prefer not to say,"Green Spicy chinchin, Yellow chinchin, Delight","Green Spicy chinchin, Yellow chinchin, Delight",Taste,Yes,Packaging,"Taste and Quality, Product availability, Brand awareness",Daily,Allow products get cool before packaging 
5/14/2026 11:11:30,36-45,East,"50,000-149,999","Yellow chinchin, Buns and Pie, Delight","Yellow chinchin, Buns and Pie, Delight","Taste, Quality",No,Packaging,Taste and Quality,Weekly,Taste of yellow and increasing the size of bread buns
5/14/2026 11:14:31,36-45,East,"50,000-149,999","Yellow chinchin, Buns and Pie, Delight","Yellow chinchin, Buns and Pie, Delight","Taste, Quality",No,Packaging,Taste and Quality,Weekly,To increasing the size of bread buns and yellow chin chin
5/14/2026 11:15:23,36-45,East,"50,000-149,999","Yellow chinchin, Buns and Pie, Delight","Yellow chinchin, Buns and Pie, Delight","Taste, Quality",No,Packaging,Taste and Quality,Weekly,To increasing the size of bread buns and yellow chin chin
5/14/2026 11:17:09,Above 55,East,"below 50,000","Buns and Pie, Delight","Buns and Pie, Delight",Taste,No,Packaging,Taste and Quality,Weekly,Increasing the size of bread buns
5/14/2026 11:17:31,26-35,Central,I prefer not to say,"Green Spicy chinchin, Yellow chinchin, Delight","Green Spicy chinchin, Yellow chinchin, Delight","Taste, Quality",Yes,Packaging,Taste and Quality,Daily,Some products don't last for 5days 
5/14/2026 11:20:45,36-45,East,"below 50,000","Buns and Pie, Delight","Buns and Pie, Delight",Taste,No,Packaging,Taste and Quality,Weekly,Increasing the long time on delight
5/14/2026 11:23:06,Above 55,Central,"250,000 and above","Green Spicy chinchin, Yellow chinchin, Delight","Green Spicy chinchin, Yellow chinchin, Delight","Taste, Pricing, Packaging",No,Packaging,"Taste and Quality, Price affordability",Daily,Quantity
5/14/2026 11:23:49,36-45,East,"50,000-149,999",All of the above,All,"Taste, Quality",No,Packaging,Taste and Quality,Weekly,Increasing the size of bread buns and pie pie
5/14/2026 11:26:44,Above 55,Central,"250,000 and above","Green Spicy chinchin, Yellow chinchin, Delight","Yellow chinchin, Delight","Pricing, Packaging",No,Packaging,Price affordability,Daily,Increase in the quantity 
5/14/2026 11:27:16,36-45,East,"below 50,000","Buns and Pie, Delight","Buns and Pie, Delight",Taste,No,Packaging,Taste and Quality,Weekly,To increase the time on delight bread rolls
5/14/2026 11:30:24,26-35,Central,I prefer not to say,"Green Spicy chinchin, Yellow chinchin, Delight","Green Spicy chinchin, Yellow chinchin, Delight",Taste,Yes,Packaging,Taste and Quality,Daily,Improvement in packaging 
5/14/2026 11:34:27,36-45,East,"below 50,000","Buns and Pie, Delight","Buns and Pie, Delight",Taste,No,Packaging,Taste and Quality,Weekly,To increase the time on delight bread rolls
5/14/2026 11:37:15,36-45,East,"below 50,000","Buns and Pie, Delight","Buns and Pie, Delight","Taste, Quality",No,Packaging,Taste and Quality,Weekly,To increase the size of bread buns and delight
5/14/2026 11:42:28,26-35,East,"50,000-149,999","Yellow chinchin, Buns and Pie, Delight","Yellow chinchin, Buns and Pie, Delight","Taste, Quality",No,Packaging,Taste and Quality,Weekly,Improve on bread buns and pie pie
5/14/2026 11:46:27,26-35,East,"50,000-149,999",All of the above,All,"Taste, Quality",No,Packaging,"Taste and Quality, Packaging",Weekly,Improve on size of spicy chin chin
5/14/2026 11:55:48,18-25,Central,I prefer not to say,All of the above,All,Taste,Yes,Packaging,Taste and Quality,Daily,Proper sealed 
5/14/2026 11:58:31,36-45,East,"50,000-149,999","Buns and Pie, Delight","Buns and Pie, Delight",Taste,No,Packaging,Taste and Quality,Weekly,To increase the size of bread buns
5/14/2026 11:59:12,26-35,Central,I prefer not to say,"Green Spicy chinchin, Yellow chinchin, Delight","Green Spicy chinchin, Yellow chinchin, Delight",Taste,Yes,"Packaging, Purchasing power",Taste and Quality,Daily,Products increase 
5/14/2026 12:00:52,26-35,Central,I prefer not to say,"Green Spicy chinchin, Yellow chinchin, Delight","Green Spicy chinchin, Yellow chinchin, Delight",Taste,Yes,Packaging,Taste and Quality,Daily,Quantity 
5/14/2026 12:03:30,46-55,Central,I prefer not to say,"Green Spicy chinchin, Yellow chinchin, Buns and Pie, Delight","Green Spicy chinchin, Yellow chinchin, Delight",Taste,Yes,Packaging,"Price affordability, Packaging",Weekly,Products should get to everyone 
5/14/2026 12:09:04,26-35,Central,I prefer not to say,All of the above,All,"Taste, Quality",Yes,Packaging,Taste and Quality,Daily,Bread bus is getting small 
5/14/2026 12:11:26,36-45,East,"50,000-149,999","Buns and Pie, Delight","Buns and Pie, Delight",Taste,No,Packaging,Taste and Quality,Weekly,To increase the size of bread buns
5/14/2026 12:12:15,18-25,Central,I prefer not to say,All of the above,All,"Taste, Pricing, Quality, Packaging",Yes,Packaging,"Taste and Quality, Packaging",Daily,Increase in size 
5/14/2026 12:16:03,26-35,Central,I prefer not to say,All of the above,All,Packaging,Yes,Packaging,Taste and Quality,Daily,"Conpany should make the products to be available for Distributors on time, because customers always complain of late coming "
5/14/2026 12:18:21,18-25,Central,I prefer not to say,All of the above,All,Taste,Yes,Packaging,Taste and Quality,Daily,"Conpany should make the products to be available for Distributors on time, "
5/14/2026 12:18:29,36-45,East,"below 50,000","Buns and Pie, Delight","Buns and Pie, Delight",Taste,No,Packaging,Taste and Quality,Weekly,Increase size of bread buns. Yellow chin chin
5/14/2026 12:22:07,26-35,Central,I prefer not to say,"Green Spicy chinchin, Yellow chinchin, Buns and Pie, Delight, All of the above",All,"Taste, Pricing, Quality",Yes,Packaging,Taste and Quality,Daily,Incomplete of delight inside carton 
5/14/2026 12:23:47,18-25,Central,I prefer not to say,All of the above,All,Taste,Yes,Packaging,Taste and Quality,Daily,Increase in quantity 
5/14/2026 12:25:54,18-25,Central,I prefer not to say,"Green Spicy chinchin, Yellow chinchin, Delight","Green Spicy chinchin, Delight","Taste, Pricing, Quality, ",Yes,Packaging,Taste and Quality,Daily,Delight should be increase 
5/14/2026 12:29:06,18-25,Central,I prefer not to say,"Green Spicy chinchin, Yellow chinchin, Delight","Green Spicy chinchin, Yellow chinchin, Delight",Taste,Yes,Packaging,Taste and Quality,Daily,Delight size should be increase 
5/14/2026 12:32:27,18-25,Central,I prefer not to say,"Green Spicy chinchin, Yellow chinchin, Delight","Green Spicy chinchin, Yellow chinchin, Delight",Taste,Yes,Packaging,Taste and Quality,Daily,"Company should post the Distributors money on time, "
5/14/2026 12:34:51,18-25,Central,I prefer not to say,All of the above,All,"Taste, Pricing",Yes,Packaging,Taste and Quality,Daily,Piepie sizes are getting smal 
5/14/2026 12:36:51,18-25,Central,I prefer not to say,All of the above,"Green Spicy chinchin, All",Taste,Yes,Packaging,Taste and Quality,Daily,Quantity 
5/14/2026 12:38:27,18-25,Central,"150,000-249,999",All of the above,All,"Taste, Pricing, Quality",Yes,Packaging,Taste and Quality,Daily,Price 
5/14/2026 12:39:17,36-45,East,"50,000-149,999","Yellow chinchin, Buns and Pie, Delight","Yellow chinchin, Buns and Pie, Delight","Taste, Quality",No,Packaging,Taste and Quality,Weekly,Increasing the size of bread buns
5/14/2026 12:39:56,26-35,Central,"50,000-149,999","Green Spicy chinchin, Yellow chinchin, Buns and Pie, Delight","Green Spicy chinchin, Yellow chinchin, Buns and Pie, Delight",Taste,Yes,Purchasing power,Taste and Quality,Weekly,Production of much Products 
5/14/2026 12:41:40,26-35,Central,"50,000-149,999",All of the above,All,"Taste, Pricing, Quality",Yes,Packaging,"Taste and Quality, Price affordability, Packaging",Daily,Company should baked chinchin not fried 
5/14/2026 12:42:51,36-45,Central,"50,000-149,999","Green Spicy chinchin, All of the above",All,Taste,No,Other types of snacks,Taste and Quality,Weekly,Delight should have preservatives 
5/14/2026 12:44:15,36-45,Central,"50,000-149,999","Green Spicy chinchin, Yellow chinchin, Buns and Pie, Delight","Green Spicy chinchin, Yellow chinchin, Buns and Pie, Delight",Taste,Yes,"Packaging, Change in Taste, Other types of snacks, Cooked food",Taste and Quality,Daily,Increase in chinchin size 
5/14/2026 12:46:03,26-35,Central,"50,000-149,999",All of the above,All,Packaging,Yes,Change in Taste,Taste and Quality,Monthly,Size in chinchin 
5/14/2026 12:47:17,26-35,Central,"below 50,000",All of the above,All,"Taste, Quality",Yes,Other types of snacks,"Price affordability, Packaging",Daily,Increase in quantity 
5/14/2026 12:49:01,26-35,Central,"50,000-149,999",Yellow chinchin,Yellow chinchin,"Taste, Quality",Yes,Packaging,Taste and Quality,Daily,"Buns and piepie, size get small from February "
5/14/2026 12:50:19,36-45,Central,"50,000-149,999","Green Spicy chinchin, Yellow chinchin, Delight",All,Quality,Yes,Other types of snacks,Taste and Quality,Daily,Increase in size of buns 
5/14/2026 12:52:02,46-55,East,"50,000-149,999","Green Spicy chinchin, Yellow chinchin, Buns and Pie","Green Spicy chinchin, Yellow chinchin, Buns and Pie, Delight","Taste, Pricing, Quality",Yes,Cooked food,Taste and Quality,Daily,Carton delight should be made available to everyone 
5/14/2026 12:56:39,18-25,Central,"250,000 and above",Buns and Pie,Buns and Pie,Taste,Yes,"Packaging, Change in Taste, Other types of snacks",Taste and Quality,Daily,To be careful when counting 
5/14/2026 12:59:27,26-35,Central,"50,000-149,999",All of the above,All,Taste,Yes,Packaging,Taste and Quality,Daily,Pieces inside the bag
5/14/2026 13:01:00,26-35,Central,"below 50,000","Green Spicy chinchin, Yellow chinchin","Green Spicy chinchin, Yellow chinchin",Quality,Yes,Other types of snacks,Product availability,Weekly,Delight carton isn't common like other products 
5/14/2026 13:02:38,36-45,East,"50,000-149,999","Yellow chinchin, Buns and Pie, Delight","Yellow chinchin, Buns and Pie, Delight","Taste, Quality",No,Packaging,Taste and Quality,Weekly,Increasing the size of bread buns
5/14/2026 13:02:43,36-45,East,"50,000-149,999","Yellow chinchin, Buns and Pie, Delight","Yellow chinchin, Buns and Pie, Delight","Taste, Quality",No,Packaging,Taste and Quality,Weekly,Increasing the size of bread buns
5/14/2026 13:06:19,36-45,East,"50,000-149,999","Yellow chinchin, Buns and Pie, Delight","Yellow chinchin, Buns and Pie, Delight","Taste, Quality",No,Packaging,Taste and Quality,Weekly,To increase the size of bread buns and pie pie
5/14/2026 13:10:53,26-35,Central,"50,000-149,999",All of the above,All,Taste,Yes,Packaging,Taste and Quality,Daily,Office POS
5/14/2026 13:12:45,26-35,Central,"150,000-249,999","Buns and Pie, Delight","Buns and Pie, Delight",Taste,Yes,Packaging,Taste and Quality,Daily,The size 
5/14/2026 13:22:46,26-35,Central,"50,000-149,999","Buns and Pie, Delight","Green Spicy chinchin, Buns and Pie, Delight",Taste,Yes,Packaging,Taste and Quality,Daily,There should be POS Machine for Distributors to make payment 
5/14/2026 13:23:50,26-35,Central,"below 50,000",All of the above,All,Taste,Yes,Packaging,Taste and Quality,Weekly,stronger 